{"rank_1_acc": 0.9873248832555037, "rank_5_acc": 0.9959973315543695, "rank_n_accuracies": [0.9873248832555037, 0.9946631087391594, 0.9953302201467645, 0.9959973315543695, 0.9959973315543695, 0.9959973315543695, 0.9966644429619747, 0.9966644429619747, 0.9966644429619747, 0.9966644429619747, 0.9966644429619747, 0.9966644429619747, 0.9966644429619747, 0.9966644429619747, 0.9973315543695798, 0.9973315543695798, 0.9973315543695798, 0.9973315543695798, 0.9973315543695798, 0.9973315543695798, 0.9973315543695798, 0.9973315543695798, 0.9973315543695798, 0.9973315543695798, 0.9973315543695798, 0.9973315543695798, 0.9973315543695798, 0.9979986657771848, 0.9979986657771848, 0.9979986657771848, 0.9979986657771848, 0.9979986657771848, 0.9979986657771848, 0.9979986657771848, 0.9979986657771848, 0.9986657771847899, 0.9986657771847899, 0.9986657771847899, 0.9986657771847899, 0.9986657771847899, 0.9986657771847899, 0.9986657771847899, 0.9986657771847899, 0.9986657771847899, 0.9986657771847899, 0.9986657771847899, 0.9986657771847899, 0.9986657771847899, 0.9986657771847899, 0.9986657771847899]}