{"rank_1_acc": 0.9849798994974875, "rank_1_acc_std": 0.0026462466147225555, "rank_5_acc": 0.9921939698492462, "rank_5_acc_std": 0.0011569083404310199, "rank_n_accuracies_mean": [0.9849798994974875, 0.9895879396984923, 0.9913909547738694, 0.9919929648241206, 0.9921939698492462, 0.9929949748743718, 0.9929949748743718, 0.9933959798994975, 0.9935959798994976, 0.9939959798994975, 0.9939959798994975, 0.9941959798994974, 0.9943959798994975, 0.9943959798994975, 0.9945959798994976, 0.9945959798994976, 0.9945959798994976, 0.9945959798994976, 0.9951959798994976, 0.9953959798994975, 0.9953959798994975, 0.9953959798994975, 0.9955959798994976, 0.9955959798994976, 0.9955959798994976, 0.9955959798994976, 0.9955959798994976, 0.9955959798994976, 0.9957959798994975, 0.9957959798994975, 0.9957959798994975, 0.9959969849246232, 0.9959969849246232, 0.9959969849246232, 0.9959969849246232, 0.996196984924623, 0.9963969849246231, 0.9963969849246231, 0.9963969849246231, 0.996596984924623, 0.996596984924623, 0.996596984924623, 0.996596984924623, 0.996596984924623, 0.996596984924623, 0.996596984924623, 0.996596984924623, 0.996596984924623, 0.996596984924623, 0.996596984924623], "rank_n_accuracies_stacked": [[0.985, 0.989, 0.991, 0.991, 0.991, 0.992, 0.992, 0.992, 0.992, 0.993, 0.993, 0.993, 0.994, 0.994, 0.994, 0.994, 0.994, 0.994, 0.995, 0.995, 0.995, 0.995, 0.996, 0.996, 0.996, 0.996, 0.996, 0.996, 0.996, 0.996, 0.996, 0.996, 0.996, 0.996, 0.996, 0.996, 0.996, 0.996, 0.996, 0.996, 0.996, 0.996, 0.996, 0.996, 0.996, 0.996, 0.996, 0.996, 0.996, 0.996], [0.987, 0.987, 0.99, 0.991, 0.991, 0.991, 0.991, 0.991, 0.992, 0.992, 0.992, 0.992, 0.992, 0.992, 0.993, 0.993, 0.993, 0.993, 0.994, 0.995, 0.995, 0.995, 0.995, 0.995, 0.995, 0.995, 0.995, 0.995, 0.996, 0.996, 0.996, 0.996, 0.996, 0.996, 0.996, 0.997, 0.997, 0.997, 0.997, 0.997, 0.997, 0.997, 0.997, 0.997, 0.997, 0.997, 0.997, 0.997, 0.997, 0.997], [0.986, 0.992, 0.993, 0.993, 0.993, 0.994, 0.994, 0.995, 0.995, 0.995, 0.995, 0.996, 0.996, 0.996, 0.996, 0.996, 0.996, 0.996, 0.996, 0.996, 0.996, 0.996, 0.996, 0.996, 0.996, 0.996, 0.996, 0.996, 0.996, 0.996, 0.996, 0.996, 0.996, 0.996, 0.996, 0.996, 0.997, 0.997, 0.997, 0.998, 0.998, 0.998, 0.998, 0.998, 0.998, 0.998, 0.998, 0.998, 0.998, 0.998], [0.987, 0.992, 0.992, 0.992, 0.992, 0.993, 0.993, 0.993, 0.993, 0.994, 0.994, 0.994, 0.994, 0.994, 0.994, 0.994, 0.994, 0.994, 0.995, 0.995, 0.995, 0.995, 0.995, 0.995, 0.995, 0.995, 0.995, 0.995, 0.995, 0.995, 0.995, 0.995, 0.995, 0.995, 0.995, 0.995, 0.995, 0.995, 0.995, 0.995, 0.995, 0.995, 0.995, 0.995, 0.995, 0.995, 0.995, 0.995, 0.995, 0.995], [0.9798994974874372, 0.9879396984924623, 0.9909547738693467, 0.992964824120603, 0.9939698492462311, 0.9949748743718593, 0.9949748743718593, 0.9959798994974874, 0.9959798994974874, 0.9959798994974874, 0.9959798994974874, 0.9959798994974874, 0.9959798994974874, 0.9959798994974874, 0.9959798994974874, 0.9959798994974874, 0.9959798994974874, 0.9959798994974874, 0.9959798994974874, 0.9959798994974874, 0.9959798994974874, 0.9959798994974874, 0.9959798994974874, 0.9959798994974874, 0.9959798994974874, 0.9959798994974874, 0.9959798994974874, 0.9959798994974874, 0.9959798994974874, 0.9959798994974874, 0.9959798994974874, 0.9969849246231156, 0.9969849246231156, 0.9969849246231156, 0.9969849246231156, 0.9969849246231156, 0.9969849246231156, 0.9969849246231156, 0.9969849246231156, 0.9969849246231156, 0.9969849246231156, 0.9969849246231156, 0.9969849246231156, 0.9969849246231156, 0.9969849246231156, 0.9969849246231156, 0.9969849246231156, 0.9969849246231156, 0.9969849246231156, 0.9969849246231156]]}