{"rank_1_acc": 0.9733333333333334, "rank_5_acc": 0.9933333333333333, "rank_n_accuracies": [0.9733333333333334, 0.9846666666666667, 0.9913333333333333, 0.992, 0.9933333333333333, 0.994, 0.994, 0.994, 0.994, 0.994, 0.996, 0.996, 0.996, 0.996, 0.996, 0.996, 0.996, 0.996, 0.996, 0.996, 0.996, 0.996, 0.996, 0.996, 0.996, 0.996, 0.996, 0.996, 0.996, 0.9966666666666667, 0.9966666666666667, 0.9966666666666667, 0.9966666666666667, 0.9966666666666667, 0.9966666666666667, 0.9966666666666667, 0.9966666666666667, 0.9966666666666667, 0.9966666666666667, 0.9966666666666667, 0.9966666666666667, 0.9966666666666667, 0.9966666666666667, 0.9966666666666667, 0.9966666666666667, 0.9966666666666667, 0.9966666666666667, 0.9966666666666667, 0.9966666666666667, 0.9966666666666667]}