{"rank_1_acc": 0.962, "rank_5_acc": 0.9873333333333333, "rank_n_accuracies": [0.962, 0.9786666666666667, 0.984, 0.9853333333333333, 0.9873333333333333, 0.9886666666666667, 0.9893333333333333, 0.99, 0.9906666666666667, 0.9906666666666667, 0.9913333333333333, 0.9913333333333333, 0.9913333333333333, 0.992, 0.992, 0.992, 0.9933333333333333, 0.994, 0.9946666666666667, 0.9946666666666667, 0.9946666666666667, 0.9953333333333333, 0.9953333333333333, 0.9953333333333333, 0.9953333333333333, 0.9953333333333333, 0.9953333333333333, 0.996, 0.996, 0.996, 0.996, 0.996, 0.996, 0.996, 0.996, 0.996, 0.996, 0.996, 0.996, 0.996, 0.9966666666666667, 0.9973333333333333, 0.9973333333333333, 0.9973333333333333, 0.9973333333333333, 0.998, 0.998, 0.998, 0.9986666666666667, 0.9986666666666667]}