{"rank_1_acc": 0.9769768844221105, "rank_1_acc_std": 0.0030335024838896484, "rank_5_acc": 0.9891899497487436, "rank_5_acc_std": 0.0022235835105053297, "rank_n_accuracies_mean": [0.9769768844221105, 0.9853879396984924, 0.9869879396984924, 0.988388944723618, 0.9891899497487436, 0.9899909547738692, 0.9901909547738693, 0.990391959798995, 0.9911929648241206, 0.9911929648241206, 0.9913929648241206, 0.9915929648241206, 0.9915929648241206, 0.9915929648241206, 0.9923939698492461, 0.9929939698492461, 0.9931939698492462, 0.9933939698492462, 0.9937939698492462, 0.9939939698492463, 0.9939939698492463, 0.9939939698492463, 0.9941939698492464, 0.9945939698492463, 0.9945939698492463, 0.9945939698492463, 0.9947949748743719, 0.9949949748743718, 0.9949949748743718, 0.9951949748743718, 0.9951949748743718, 0.9955959798994976, 0.9955959798994976, 0.9955959798994976, 0.9955959798994976, 0.9955959798994976, 0.9955959798994976, 0.9955959798994976, 0.9957959798994975, 0.9959959798994975, 0.9959959798994975, 0.9959959798994975, 0.9959959798994975, 0.9961959798994975, 0.9961959798994975, 0.9961959798994975, 0.9961959798994975, 0.9961959798994975, 0.9961959798994975, 0.9961959798994975], "rank_n_accuracies_stacked": [[0.972, 0.981, 0.984, 0.984, 0.985, 0.987, 0.987, 0.987, 0.988, 0.988, 0.988, 0.989, 0.989, 0.989, 0.989, 0.992, 0.993, 0.994, 0.994, 0.995, 0.995, 0.995, 0.995, 0.997, 0.997, 0.997, 0.997, 0.997, 0.997, 0.997, 0.997, 0.997, 0.997, 0.997, 0.997, 0.997, 0.997, 0.997, 0.997, 0.997, 0.997, 0.997, 0.997, 0.998, 0.998, 0.998, 0.998, 0.998, 0.998, 0.998], [0.976, 0.984, 0.988, 0.99, 0.991, 0.991, 0.992, 0.992, 0.992, 0.992, 0.992, 0.992, 0.992, 0.992, 0.992, 0.992, 0.992, 0.992, 0.993, 0.993, 0.993, 0.993, 0.993, 0.993, 0.993, 0.993, 0.993, 0.993, 0.993, 0.993, 0.993, 0.994, 0.994, 0.994, 0.994, 0.994, 0.994, 0.994, 0.994, 0.994, 0.994, 0.994, 0.994, 0.994, 0.994, 0.994, 0.994, 0.994, 0.994, 0.994], [0.981, 0.988, 0.988, 0.99, 0.991, 0.991, 0.991, 0.991, 0.992, 0.992, 0.993, 0.993, 0.993, 0.993, 0.994, 0.994, 0.994, 0.994, 0.995, 0.995, 0.995, 0.995, 0.995, 0.995, 0.995, 0.995, 0.995, 0.995, 0.995, 0.995, 0.995, 0.995, 0.995, 0.995, 0.995, 0.995, 0.995, 0.995, 0.996, 0.996, 0.996, 0.996, 0.996, 0.996, 0.996, 0.996, 0.996, 0.996, 0.996, 0.996], [0.979, 0.986, 0.987, 0.989, 0.989, 0.99, 0.99, 0.99, 0.991, 0.991, 0.991, 0.991, 0.991, 0.991, 0.993, 0.993, 0.993, 0.993, 0.993, 0.993, 0.993, 0.993, 0.994, 0.994, 0.994, 0.994, 0.994, 0.995, 0.995, 0.996, 0.996, 0.996, 0.996, 0.996, 0.996, 0.996, 0.996, 0.996, 0.996, 0.997, 0.997, 0.997, 0.997, 0.997, 0.997, 0.997, 0.997, 0.997, 0.997, 0.997], [0.9768844221105528, 0.9879396984924623, 0.9879396984924623, 0.9889447236180905, 0.9899497487437185, 0.9909547738693467, 0.9909547738693467, 0.9919597989949749, 0.992964824120603, 0.992964824120603, 0.992964824120603, 0.992964824120603, 0.992964824120603, 0.992964824120603, 0.9939698492462311, 0.9939698492462311, 0.9939698492462311, 0.9939698492462311, 0.9939698492462311, 0.9939698492462311, 0.9939698492462311, 0.9939698492462311, 0.9939698492462311, 0.9939698492462311, 0.9939698492462311, 0.9939698492462311, 0.9949748743718593, 0.9949748743718593, 0.9949748743718593, 0.9949748743718593, 0.9949748743718593, 0.9959798994974874, 0.9959798994974874, 0.9959798994974874, 0.9959798994974874, 0.9959798994974874, 0.9959798994974874, 0.9959798994974874, 0.9959798994974874, 0.9959798994974874, 0.9959798994974874, 0.9959798994974874, 0.9959798994974874, 0.9959798994974874, 0.9959798994974874, 0.9959798994974874, 0.9959798994974874, 0.9959798994974874, 0.9959798994974874, 0.9959798994974874]]}