{"rank_1_acc": 0.9839893262174784, "rank_5_acc": 0.9919946631087392, "rank_n_accuracies": [0.9839893262174784, 0.9886591060707138, 0.9893262174783188, 0.9913275517011341, 0.9919946631087392, 0.9926617745163442, 0.9926617745163442, 0.9939959973315544, 0.9953302201467645, 0.9953302201467645, 0.9953302201467645, 0.9953302201467645, 0.9953302201467645, 0.9953302201467645, 0.9953302201467645, 0.9959973315543695, 0.9966644429619747, 0.9966644429619747, 0.9966644429619747, 0.9966644429619747, 0.9966644429619747, 0.9966644429619747, 0.9966644429619747, 0.9966644429619747, 0.9973315543695798, 0.9973315543695798, 0.9973315543695798, 0.9973315543695798, 0.9973315543695798, 0.9979986657771848, 0.9979986657771848, 0.9979986657771848, 0.9979986657771848, 0.9986657771847899, 0.9986657771847899, 0.9986657771847899, 0.9986657771847899, 0.9986657771847899, 0.9986657771847899, 0.9986657771847899, 0.9986657771847899, 0.9986657771847899, 0.9986657771847899, 0.9986657771847899, 0.9986657771847899, 0.9986657771847899, 0.9986657771847899, 0.9986657771847899, 0.9986657771847899, 0.9986657771847899]}